<?xml version="1.0" encoding="UTF-8"?>
<!DOCTYPE properties SYSTEM "http://java.sun.com/dtd/properties.dtd">
<properties>
<comment>ExchangeSetCreator Preferences</comment>
<entry key="signDataOnImport">true</entry>
<entry key="AdministrativeArea">Admiralty Way</entry>
<entry key="DeliveryPoint">Taunton</entry>
<entry key="PubKey">Kmastek7.pub</entry>
<entry key="Email">info@ukho.gov</entry>
<entry key="PrivateKey">kmastek7.pri</entry>
<entry key="City">Taunton</entry>
<entry key="Postcode">Ta1 2DN</entry>
<entry key="Language">eng</entry>
<entry key="encryptDataOnImport">true</entry>
<entry key="OrganisationName">United Kingdom Hydrographic Office</entry>
<entry key="dataservername">UKHO-VAR</entry>
<entry key="dataserverid">UKHO</entry>
<entry key="lastSaved">22/04/01</entry>
<entry key="saname">IHO</entry>
<entry key="Certificate">Cmastek7.crt</entry>
</properties>
